year,avg_durasi_hari,total_perkara
2023,62.5,16
2024,69.91228070175438,57
2025,79.13946587537092,337
2026,31.455592105263158,608
